"","INITIALS","ALIGN","CORRECT","ITEM","ROUND","align_code","freq1","freq2","rating","newID","condition"
"1","cw","picture","CORRECT","picture","1",1,22,43,56,14,"C1"
"2","cw","boat","CORRECT","rowboat","2",0,3,23,57,14,"C1"
"3","cw","toilet","CORRECT","loo","1",0,5,63,64,14,"C1"
"4","cw","laptop","CORRECT","computer","2",0,8,83,56,14,"C1"
"5","cw","brolly","CORRECT","brolly","2",1,12,45,63,14,"C1"
"6","cw","bike","CORRECT","bicycle","1",0,10,67,68,14,"C1"
"7","cw","rat","CORRECT","rodent","1",0,0,65,63,14,"C1"
"8","cw","bath","CORRECT","bathtub","2",0,5,25,67,14,"C1"
"9","cw","chicken","CORRECT","hen","2",0,5,43,62,14,"C1"
"10","cw","peach","CORRECT","nectarine","2",0,5,15,61,14,"C1"
"11","cw","lip stick","CORRECT","make up","1",0,0,33,56,14,"C1"
"12","cw","fridge","CORRECT","refrigerator","1",0,2,48,65,14,"C1"
"13","cw","plane","CORRECT","aeroplane","1",0,20,45,68,14,"C1"
"14","cw","usb","CORRECT","memory stick","1",0,11,29,68,14,"C1"
"15","cw","fork","CORRECT","silverware","1",0,3,10,57,14,"C1"
"16","cw","pen","CORRECT","biro","2",0,3,34,53,14,"C1"
"17","cw","glasses","CORRECT","spectacles","2",0,4,45,60,14,"C1"
"18","cw","gun","CORRECT","pistol","2",0,0,48,64,14,"C1"
"19","cw","rabbit","CORRECT","bunny","2",0,15,63,64,14,"C1"
"20","cw","bus","CORRECT","coach","2",0,0,30,60,14,"C1"
"21","cw","music","CORRECT","musical instrument","1",0,0,18,55,14,"C1"
"22","cw","rose","CORRECT","flower","1",0,1,91,60,14,"C1"
"23","cw","pillow","CORRECT","pillow","1",1,12,72,53,14,"C1"
"24","cw","phone","CORRECT","mobile","1",0,13,48,64,14,"C1"
"25","cw","frog","CORRECT","toad","1",0,8,60,67,14,"C1"
"26","cw","cap","CORRECT","hat","2",0,28,52,61,14,"C1"
"27","cw","ball","CORRECT","inflatable ball","2",0,1,26,65,14,"C1"
"28","cw","fag","CORRECT","fag","2",1,10,53,60,14,"C1"
"29","AT","cutlery","CORRECT","silverware","1",0,3,10,57,15,"C1"
"30","AT","bike","CORRECT","bicycle","1",0,10,67,68,15,"C1"
"31","AT","usb stick","CORRECT","memory stick","1",0,11,29,68,15,"C1"
"32","AT","rose","CORRECT","flower","1",0,1,91,60,15,"C1"
"33","AT","loo","CORRECT","loo","1",1,5,63,64,15,"C1"
"34","AT","pillow","CORRECT","pillow","1",1,12,72,53,15,"C1"
"35","AT","plane","CORRECT","aeroplane","1",0,20,45,68,15,"C1"
"36","AT","toad","CORRECT","toad","1",1,8,60,67,15,"C1"
"37","AT","phone","CORRECT","mobile","1",0,13,48,64,15,"C1"
"38","AT","make up","CORRECT","make up","1",1,0,33,56,15,"C1"
"39","AT","fridge","CORRECT","refrigerator","1",0,2,48,65,15,"C1"
"40","AT","rodent","CORRECT","rodent","1",1,0,65,63,15,"C1"
"41","AT","laptop","CORRECT","computer","2",0,8,83,56,15,"C1"
"42","AT","spectacles","CORRECT","spectacles","2",1,4,45,60,15,"C1"
"43","AT","picture","CORRECT","picture","1",1,22,43,56,15,"C1"
"44","AT","instument","CORRECT","musical instrument","1",0,0,18,55,15,"C1"
"45","AT","bunny","CORRECT","bunny","2",1,15,63,64,15,"C1"
"46","AT","nectarine","CORRECT","nectarine","2",1,5,15,61,15,"C1"
"47","AT","umbrella","CORRECT","brolly","2",0,12,45,63,15,"C1"
"48","AT","bathtub","CORRECT","bathtub","2",1,5,25,67,15,"C1"
"49","AT","hen","CORRECT","hen","2",1,5,43,62,15,"C1"
"50","AT","ball","CORRECT","inflatable ball","2",0,1,26,65,15,"C1"
"51","AT","pen","CORRECT","biro","2",0,3,34,53,15,"C1"
"52","AT","pistol","CORRECT","pistol","2",1,0,48,64,15,"C1"
"53","AT","hat","CORRECT","hat","2",1,28,52,61,15,"C1"
"54","AT","coach","CORRECT","coach","2",1,0,30,60,15,"C1"
"55","AT","fag","CORRECT","fag","2",1,10,53,60,15,"C1"
"56","AT","boat","CORRECT","rowboat","2",0,3,23,57,15,"C1"
"57","sf","rowingboat","CORRECT","rowboat","2",0,3,23,57,16,"C1"
"58","sf","glasses","CORRECT","spectacles","2",0,4,45,60,16,"C1"
"59","sf","hen","CORRECT","hen","2",1,5,43,62,16,"C1"
"60","sf","umbrella","CORRECT","brolly","2",0,12,45,63,16,"C1"
"61","sf","bath","CORRECT","bathtub","2",0,5,25,67,16,"C1"
"62","sf","peach","CORRECT","nectarine","2",0,5,15,61,16,"C1"
"63","sf","bus","CORRECT","coach","2",0,0,30,60,16,"C1"
"64","sf","fag","CORRECT","fag","2",1,10,53,60,16,"C1"
"65","sf","laptop","CORRECT","computer","2",0,8,83,56,16,"C1"
"66","sf","gun","CORRECT","pistol","2",0,0,48,64,16,"C1"
"67","sf","rose","CORRECT","flower","1",0,1,91,60,16,"C1"
"68","sf","pillow","CORRECT","pillow","1",1,12,72,53,16,"C1"
"69","sf","phone","CORRECT","mobile","1",0,13,48,64,16,"C1"
"70","sf","lipstick","CORRECT","make up","1",0,0,33,56,16,"C1"
"71","sf","rabbit","CORRECT","bunny","2",0,15,63,64,16,"C1"
"72","sf","plane","CORRECT","aeroplane","1",0,20,45,68,16,"C1"
"73","sf","picture","CORRECT","picture","1",1,22,43,56,16,"C1"
"74","sf","musical instrument ","CORRECT","musical instrument","1",0,0,18,55,16,"C1"
"75","sf","ball","CORRECT","inflatable ball","2",0,1,26,65,16,"C1"
"76","sf","toad","CORRECT","toad","1",1,8,60,67,16,"C1"
"77","sf","toilet","CORRECT","loo","1",0,5,63,64,16,"C1"
"78","sf","pen","CORRECT","biro","2",0,3,34,53,16,"C1"
"79","sf","hat","CORRECT","hat","2",1,28,52,61,16,"C1"
"80","sf","rat","CORRECT","rodent","1",0,0,65,63,16,"C1"
"81","sf","bike","CORRECT","bicycle","1",0,10,67,68,16,"C1"
"82","sf","usb stick","CORRECT","memory stick","1",0,11,29,68,16,"C1"
"83","sf","cutlery","CORRECT","silverware","1",0,3,10,57,16,"C1"
"84","sf","fridge","CORRECT","refrigerator","1",0,2,48,65,16,"C1"
"85","JD","plane","CORRECT","aeroplane","1",0,20,45,68,17,"C1"
"86","JD","phone","CORRECT","mobile","1",0,13,48,64,17,"C1"
"87","JD","artwork","CORRECT","picture","1",0,22,43,56,17,"C1"
"88","JSD","rabbit","CORRECT","bunny","2",0,15,63,64,17,"C1"
"89","JD","mouse","CORRECT","rodent","1",0,0,65,63,17,"C1"
"90","JD","memory stick","CORRECT","memory stick","1",1,11,29,68,17,"C1"
"91","JD","rose","CORRECT","flower","1",0,1,91,60,17,"C1"
"92","JD","lipstick","CORRECT","make up","1",0,0,33,56,17,"C1"
"93","JSD","chicken","CORRECT","hen","2",0,5,43,62,17,"C1"
"94","JD","cushion","CORRECT","pillow","1",0,12,72,53,17,"C1"
"95","JSD","gun","CORRECT","pistol","2",0,0,48,64,17,"C1"
"96","JSD","pen","CORRECT","biro","2",0,3,34,53,17,"C1"
"97","JSD","laptop","CORRECT","computer","2",0,8,83,56,17,"C1"
"98","JD","fridge","CORRECT","refrigerator","1",0,2,48,65,17,"C1"
"99","JD","cutlery","CORRECT","silverware","1",0,3,10,57,17,"C1"
"100","JD","bike","CORRECT","bicycle","1",0,10,67,68,17,"C1"
"101","JSD","cigarette","CORRECT","fag","2",0,10,53,60,17,"C1"
"102","JD","toilet","CORRECT","loo","1",0,5,63,64,17,"C1"
"103","JSD","glasses","CORRECT","spectacles","2",0,4,45,60,17,"C1"
"104","JSD","peach","CORRECT","nectarine","2",0,5,15,61,17,"C1"
"105","JSD","rowboat","CORRECT","rowboat","2",1,3,23,57,17,"C1"
"106","JD","accordion","CORRECT","musical instrument","1",0,0,18,55,17,"C1"
"107","JSD","beach ball","CORRECT","inflatable ball","2",0,1,26,65,17,"C1"
"108","JD","toad","CORRECT","toad","1",1,8,60,67,17,"C1"
"109","JSD","hat","CORRECT","hat","2",1,28,52,61,17,"C1"
"110","JSD","bath","CORRECT","bathtub","2",0,5,25,67,17,"C1"
"111","JSD","umbrella","CORRECT","brolly","2",0,12,45,63,17,"C1"
"112","JSD","bus","CORRECT","coach","2",0,0,30,60,17,"C1"
"113","FF","pillow","CORRECT","pillow","1",1,12,72,53,18,"C1"
"114","FF","loo","CORRECT","loo","1",1,5,63,64,18,"C1"
"115","FF","gun","CORRECT","pistol","2",0,0,48,64,18,"C1"
"116","FF","hat","CORRECT","hat","2",1,28,52,61,18,"C1"
"117","FF","plane","CORRECT","aeroplane","1",0,20,45,68,18,"C1"
"118","FF","frog","CORRECT","toad","1",0,8,60,67,18,"C1"
"119","FF","fag","CORRECT","fag","2",1,10,53,60,18,"C1"
"120","FF","glasses","CORRECT","spectacles","2",0,4,45,60,18,"C1"
"121","FF","bus","CORRECT","coach","2",0,0,30,60,18,"C1"
"122","FF","bunny","CORRECT","bunny","2",1,15,63,64,18,"C1"
"123","FF","bath","CORRECT","bathtub","2",0,5,25,67,18,"C1"
"124","FF","hen","CORRECT","hen","2",1,5,43,62,18,"C1"
"125","FF","fridge","CORRECT","refrigerator","1",0,2,48,65,18,"C1"
"126","FF","ball","CORRECT","inflatable ball","2",0,1,26,65,18,"C1"
"127","FF","pen","CORRECT","biro","2",0,3,34,53,18,"C1"
"128","FF","nectarine","CORRECT","nectarine","2",1,5,15,61,18,"C1"
"129","FF","rodent","CORRECT","rodent","1",1,0,65,63,18,"C1"
"130","FF","memory stick","CORRECT","memory stick","1",1,11,29,68,18,"C1"
"131","FF","silver ware","CORRECT","silverware","1",0,3,10,57,18,"C1"
"132","FF","brolly","CORRECT","brolly","2",1,12,45,63,18,"C1"
"133","FF","phone","CORRECT","mobile","1",0,13,48,64,18,"C1"
"134","FF","computer","CORRECT","computer","2",1,8,83,56,18,"C1"
"135","FF","picture","CORRECT","picture","1",1,22,43,56,18,"C1"
"136","FF","bike","CORRECT","bicycle","1",0,10,67,68,18,"C1"
"137","FF","make up","CORRECT","make up","1",1,0,33,56,18,"C1"
"138","FF","rowboat","CORRECT","rowboat","2",1,3,23,57,18,"C1"
"139","FF","musical instrument","CORRECT","musical instrument","1",1,0,18,55,18,"C1"
"140","FF","rose","CORRECT","flower","1",0,1,91,60,18,"C1"
"141","CPF","rowboat","CORRECT","rowboat","2",1,3,23,57,19,"C1"
"142","CPF","fag","CORRECT","fag","2",1,10,53,60,19,"C1"
"143","CPF","computer","CORRECT","computer","2",1,8,83,56,19,"C1"
"144","CPF","bunny","CORRECT","bunny","2",1,15,63,64,19,"C1"
"145","CPF","spectacles","CORRECT","spectacles","2",1,4,45,60,19,"C1"
"146","CF","accordion","CORRECT","musical instrument","1",0,0,18,55,19,"C1"
"147","CF","rose","CORRECT","flower","1",0,1,91,60,19,"C1"
"148","CF","cushion","CORRECT","pillow","1",0,12,72,53,19,"C1"
"149","CF","painting","CORRECT","picture","1",0,22,43,56,19,"C1"
"150","CF","frog","CORRECT","toad","1",0,8,60,67,19,"C1"
"151","CF","phone","CORRECT","mobile","1",0,13,48,64,19,"C1"
"152","CF","lipstick","CORRECT","make up","1",0,0,33,56,19,"C1"
"153","CF","aeroplane","CORRECT","aeroplane","1",1,20,45,68,19,"C1"
"154","CF","mouse","CORRECT","rodent","1",0,0,65,63,19,"C1"
"155","CF","usb stick","CORRECT","memory stick","1",0,11,29,68,19,"C1"
"156","CF","cutlery","CORRECT","silverware","1",0,3,10,57,19,"C1"
"157","CF","fridge","CORRECT","refrigerator","1",0,2,48,65,19,"C1"
"158","CPF","bathtub","CORRECT","bathtub","2",1,5,25,67,19,"C1"
"159","CPF","hen","CORRECT","hen","2",1,5,43,62,19,"C1"
"160","CPF","nectarine","CORRECT","nectarine","2",1,5,15,61,19,"C1"
"161","CPF","brolly","CORRECT","brolly","2",1,12,45,63,19,"C1"
"162","CPF","beach ball","CORRECT","inflatable ball","2",0,1,26,65,19,"C1"
"163","CPF","pen","CORRECT","biro","2",0,3,34,53,19,"C1"
"164","CPF","gun","CORRECT","pistol","2",0,0,48,64,19,"C1"
"165","CPF","cap","CORRECT","hat","2",0,28,52,61,19,"C1"
"166","CPF","bus","CORRECT","coach","2",0,0,30,60,19,"C1"
"167","CF","toilet","CORRECT","loo","1",0,5,63,64,19,"C1"
"168","CF","bike","CORRECT","bicycle","1",0,10,67,68,19,"C1"
"169","JB","usb stick","CORRECT","memory stick","1",0,11,29,68,21,"C1"
"170","JB","toilet","CORRECT","loo","1",0,5,63,64,21,"C1"
"171","JB","painting","CORRECT","picture","1",0,22,43,56,21,"C1"
"172","JB","cushion","CORRECT","pillow","1",0,12,72,53,21,"C1"
"173","JB","plane","CORRECT","aeroplane","1",0,20,45,68,21,"C1"
"174","JB","toad","CORRECT","toad","1",1,8,60,67,21,"C1"
"175","JB","musical instrument","CORRECT","musical instrument","1",1,0,18,55,21,"C1"
"176","JB","rose","CORRECT","flower","1",0,1,91,60,21,"C1"
"177","JB","fridge","CORRECT","refrigerator","1",0,2,48,65,21,"C1"
"178","JB","mouse","CORRECT","rodent","1",0,0,65,63,21,"C1"
"179","JB","phone","CORRECT","mobile","1",0,13,48,64,21,"C1"
"180","JB","lipstick","CORRECT","make up","1",0,0,33,56,21,"C1"
"181","JB","bike","CORRECT","bicycle","1",0,10,67,68,21,"C1"
"182","JB","boat","CORRECT","rowboat","2",0,3,23,57,21,"C1"
"183","JB","knives and forks","CORRECT","silverware","1",0,3,10,57,21,"C1"
"184","JB","umbrella","CORRECT","brolly","2",0,12,45,63,21,"C1"
"185","JB","fag","CORRECT","fag","2",1,10,53,60,21,"C1"
"186","JB","laptop","CORRECT","computer","2",0,8,83,56,21,"C1"
"187","JB","glasses","CORRECT","spectacles","2",0,4,45,60,21,"C1"
"188","JB","bus","CORRECT","coach","2",0,0,30,60,21,"C1"
"189","JB","tub","CORRECT","bathtub","2",0,5,25,67,21,"C1"
"190","JB","chicken","CORRECT","hen","2",0,5,43,62,21,"C1"
"191","JB","peach","CORRECT","nectarine","2",0,5,15,61,21,"C1"
"192","JB","ball","CORRECT","inflatable ball","2",0,1,26,65,21,"C1"
"193","JB","pen","CORRECT","biro","2",0,3,34,53,21,"C1"
"194","JB","gun","CORRECT","pistol","2",0,0,48,64,21,"C1"
"195","JB","hat","CORRECT","hat","2",1,28,52,61,21,"C1"
"196","JB","pear","CORRECT","bunny","2",0,15,63,64,21,"C1"
"197","KGC","bathtub","CORRECT","bathtub","2",1,5,25,67,22,"C1"
"198","KGC","chicken","CORRECT","hen","2",0,5,43,62,22,"C1"
"199","KGC","bus","CORRECT","coach","2",0,0,30,60,22,"C1"
"200","KGC","rowboat","CORRECT","rowboat","2",1,3,23,57,22,"C1"
"201","KGC","glasses","CORRECT","spectacles","2",0,4,45,60,22,"C1"
"202","KGC","mobile","CORRECT","mobile","1",1,13,48,64,22,"C1"
"203","KGC","nectarine","CORRECT","nectarine","2",1,5,15,61,22,"C1"
"204","KGC","flower","CORRECT","flower","1",1,1,91,60,22,"C1"
"205","KGC","bike","CORRECT","bicycle","1",0,10,67,68,22,"C1"
"206","KGC","musical instrument","CORRECT","musical instrument","1",1,0,18,55,22,"C1"
"207","KGC","painting","CORRECT","picture","1",0,22,43,56,22,"C1"
"208","KGC","hat","CORRECT","hat","2",1,28,52,61,22,"C1"
"209","KGC","ball","CORRECT","inflatable ball","2",0,1,26,65,22,"C1"
"210","KGC","biro","CORRECT","biro","2",1,3,34,53,22,"C1"
"211","KGC","toad","CORRECT","toad","1",1,8,60,67,22,"C1"
"212","KGC","make up","CORRECT","make up","1",1,0,33,56,22,"C1"
"213","KGC","mouse","CORRECT","rodent","1",0,0,65,63,22,"C1"
"214","KGC","usb stick","CORRECT","memory stick","1",0,11,29,68,22,"C1"
"215","KGC","cutlery","CORRECT","silverware","1",0,3,10,57,22,"C1"
"216","KGC","fag","CORRECT","fag","2",1,10,53,60,22,"C1"
"217","KGC","fridge","CORRECT","refrigerator","1",0,2,48,65,22,"C1"
"218","KGC","pillow","CORRECT","pillow","1",1,12,72,53,22,"C1"
"219","KGC","plane","CORRECT","aeroplane","1",0,20,45,68,22,"C1"
"220","KGC","gun","CORRECT","pistol","2",0,0,48,64,22,"C1"
"221","KGC","bunny","CORRECT","bunny","2",1,15,63,64,22,"C1"
"222","KGC","brolly","CORRECT","brolly","2",1,12,45,63,22,"C1"
"223","KGC","computer","CORRECT","computer","2",1,8,83,56,22,"C1"
"224","KGC","toilet","CORRECT","loo","1",0,5,63,64,22,"C1"
"225","SB","toad","CORRECT","toad","1",1,8,60,67,23,"C1"
"226","SB","beach ball","CORRECT","inflatable ball","2",0,1,26,65,23,"C1"
"227","SB","plane","CORRECT","aeroplane","1",0,20,45,68,23,"C1"
"228","SB","mouse","CORRECT","rodent","1",0,0,65,63,23,"C1"
"229","SB","mobile","CORRECT","mobile","1",1,13,48,64,23,"C1"
"230","SB","lipstick","CORRECT","make up","1",0,0,33,56,23,"C1"
"231","SB","toilet","CORRECT","loo","1",0,5,63,64,23,"C1"
"232","SB","pen","CORRECT","biro","2",0,3,34,53,23,"C1"
"233","SB","usb","CORRECT","memory stick","1",0,11,29,68,23,"C1"
"234","SB","umbrella ","CORRECT","brolly","2",0,12,45,63,23,"C1"
"235","SB","rose","CORRECT","flower","1",0,1,91,60,23,"C1"
"236","SB","fridge","CORRECT","refrigerator","1",0,2,48,65,23,"C1"
"237","SB","rowboat","CORRECT","rowboat","2",1,3,23,57,23,"C1"
"238","SB","glasses","CORRECT","spectacles","2",0,4,45,60,23,"C1"
"239","SB","cushion","CORRECT","pillow","1",0,12,72,53,23,"C1"
"240","SB","bus","CORRECT","coach","2",0,0,30,60,23,"C1"
"241","SB","bath","CORRECT","bathtub","2",0,5,25,67,23,"C1"
"242","SB","chicken","CORRECT","hen","2",0,5,43,62,23,"C1"
"243","SB","nectarine ","CORRECT","nectarine","2",0,5,15,61,23,"C1"
"244","SB","accordion ","CORRECT","musical instrument","1",0,0,18,55,23,"C1"
"245","SB","hat","CORRECT","hat","2",1,28,52,61,23,"C1"
"246","SB","gun","CORRECT","pistol","2",0,0,48,64,23,"C1"
"247","SB","painting","CORRECT","picture","1",0,22,43,56,23,"C1"
"248","SB","cigarette ","CORRECT","fag","2",0,10,53,60,23,"C1"
"249","SB","computer","CORRECT","computer","2",1,8,83,56,23,"C1"
"250","SB","rabbit","CORRECT","bunny","2",0,15,63,64,23,"C1"
"251","SB","bike","CORRECT","bicycle","1",0,10,67,68,23,"C1"
"252","SB","cutlery","CORRECT","silverware","1",0,3,10,57,23,"C1"
"253","CB","bathtub","CORRECT","bathtub","2",1,5,25,67,24,"C1"
"254","CB","rowboat","CORRECT","rowboat","2",1,3,23,57,24,"C1"
"255","CB","fag","CORRECT","fag","2",1,10,53,60,24,"C1"
"256","CB","glasses","CORRECT","spectacles","2",0,4,45,60,24,"C1"
"257","CB","umbrella","INCORRECT","brolly","2",NA,12,45,63,24,"C1"
"258","CB","cap","CORRECT","hat","2",0,28,52,61,24,"C1"
"259","CB","hen","CORRECT","hen","2",1,5,43,62,24,"C1"
"260","CB","peach","CORRECT","nectarine","2",0,5,15,61,24,"C1"
"261","CB","bus","CORRECT","coach","2",0,0,30,60,24,"C1"
"262","CB","ball","CORRECT","inflatable ball","2",0,1,26,65,24,"C1"
"263","CB","pen","CORRECT","biro","2",0,3,34,53,24,"C1"
"264","CB","pistol","CORRECT","pistol","2",1,0,48,64,24,"C1"
"265","CB","computer","CORRECT","computer","2",1,8,83,56,24,"C1"
"266","CB","rabbit","CORRECT","bunny","2",0,15,63,64,24,"C1"
"267","CB","painting","CORRECT","picture","1",0,22,43,56,24,"C1"
"268","CB","saxophone","CORRECT","musical instrument","1",0,0,18,55,24,"C1"
"269","CB","rose","CORRECT","flower","1",0,1,91,60,24,"C1"
"270","CB","cushion","CORRECT","pillow","1",0,12,72,53,24,"C1"
"271","CB","pig","CORRECT","mobile","1",0,13,48,64,24,"C1"
"272","CB","lipstick","CORRECT","make up","1",0,0,33,56,24,"C1"
"273","CB","plane","CORRECT","aeroplane","1",0,20,45,68,24,"C1"
"274","CB","toad","CORRECT","toad","1",1,8,60,67,24,"C1"
"275","CB","toilet","CORRECT","loo","1",0,5,63,64,24,"C1"
"276","CB","bike","CORRECT","bicycle","1",0,10,67,68,24,"C1"
"277","CB","fridge","CORRECT","refrigerator","1",0,2,48,65,24,"C1"
"278","CB","mouse","CORRECT","rodent","1",0,0,65,63,24,"C1"
"279","CB","usb stick","CORRECT","memory stick","1",0,11,29,68,24,"C1"
"280","CB","cuttlery","CORRECT","silverware","1",0,3,10,57,24,"C1"
"281","TD","lipstick","CORRECT","make up","1",0,0,33,56,25,"C1"
"282","TD","fridge","CORRECT","refrigerator","1",0,2,48,65,25,"C1"
"283","TD","rodent","CORRECT","rodent","1",1,0,65,63,25,"C1"
"284","TD","memory stick","CORRECT","memory stick","1",1,11,29,68,25,"C1"
"285","TD","cutlery","CORRECT","silverware","1",0,3,10,57,25,"C1"
"286","TD","bicycle","CORRECT","bicycle","1",1,10,67,68,25,"C1"
"287","TD","inflatable ball","CORRECT","inflatable ball","2",1,1,26,65,25,"C1"
"288","TD","nectarine","CORRECT","nectarine","2",1,5,15,61,25,"C1"
"289","TD","coach","CORRECT","coach","2",1,0,30,60,25,"C1"
"290","TD","hat","CORRECT","hat","2",1,28,52,61,25,"C1"
"291","TD","rowboat","CORRECT","rowboat","2",1,3,23,57,25,"C1"
"292","TD","pistol","CORRECT","pistol","2",1,0,48,64,25,"C1"
"293","TD","biro","CORRECT","biro","2",1,3,34,53,25,"C1"
"294","TD","dummy","CORRECT","fag","2",0,10,53,60,25,"C1"
"295","TD","kiwi","CORRECT","brolly","2",0,12,45,63,25,"C1"
"296","TD","bathtub","CORRECT","bathtub","2",1,5,25,67,25,"C1"
"297","TD","hen","CORRECT","hen","2",1,5,43,62,25,"C1"
"298","TD","bunny","CORRECT","bunny","2",1,15,63,64,25,"C1"
"299","TD","spectacles","CORRECT","spectacles","2",1,4,45,60,25,"C1"
"300","TD","picture","CORRECT","picture","1",1,22,43,56,25,"C1"
"301","TD","loo","CORRECT","loo","1",1,5,63,64,25,"C1"
"302","TD","musical instrument","CORRECT","musical instrument","1",1,0,18,55,25,"C1"
"303","TD","flower","CORRECT","flower","1",1,1,91,60,25,"C1"
"304","TD","pillow","CORRECT","pillow","1",1,12,72,53,25,"C1"
"305","TD","aeroplane","CORRECT","aeroplane","1",1,20,45,68,25,"C1"
"306","TD","toad","CORRECT","toad","1",1,8,60,67,25,"C1"
"307","TD","mobile","CORRECT","mobile","1",1,13,48,64,25,"C1"
"308","TD","computer","CORRECT","computer","2",1,8,83,56,25,"C1"
"309","JB","laptop","CORRECT","computer","2",0,8,83,56,26,"C1"
"310","JB","umbrella","CORRECT","brolly","2",0,12,45,63,26,"C1"
"311","JB",NA,"CORRECT","spectacles","2",NA,4,45,60,26,"C1"
"312","JB","fruit","CORRECT","nectarine","2",0,5,15,61,26,"C1"
"313","JB","bus","CORRECT","coach","2",0,0,30,60,26,"C1"
"314","JB","rabbit","CORRECT","bunny","2",0,15,63,64,26,"C1"
"315","JB","chicken","CORRECT","hen","2",0,5,43,62,26,"C1"
"316","JB","fag","CORRECT","fag","2",1,10,53,60,26,"C1"
"317","JB","gun","CORRECT","pistol","2",0,0,48,64,26,"C1"
"318","JB","bath","CORRECT","bathtub","2",0,5,25,67,26,"C1"
"319","JB","hat","CORRECT","hat","2",1,28,52,61,26,"C1"
"320","JB","boat","CORRECT","rowboat","2",0,3,23,57,26,"C1"
"321","JB","pen","CORRECT","biro","2",0,3,34,53,26,"C1"
"322","JB","ball","CORRECT","inflatable ball","2",0,1,26,65,26,"C1"
"323","JB","lipstick","CORRECT","make up","1",0,0,33,56,26,"C1"
"324","JB","fridge","CORRECT","refrigerator","1",0,2,48,65,26,"C1"
"325","JB","mouse","CORRECT","rodent","1",0,0,65,63,26,"C1"
"326","JB","memory stick","CORRECT","memory stick","1",1,11,29,68,26,"C1"
"327","JB","cutlery","CORRECT","silverware","1",0,3,10,57,26,"C1"
"328","JB","bike","CORRECT","bicycle","1",0,10,67,68,26,"C1"
"329","JB","painting","CORRECT","picture","1",0,22,43,56,26,"C1"
"330","JB","toilet","CORRECT","loo","1",0,5,63,64,26,"C1"
"331","JB","musical instrument","CORRECT","musical instrument","1",1,0,18,55,26,"C1"
"332","JB","flower","CORRECT","flower","1",1,1,91,60,26,"C1"
"333","JB","cushion","CORRECT","pillow","1",0,12,72,53,26,"C1"
"334","JB","plane","CORRECT","aeroplane","1",0,20,45,68,26,"C1"
"335","JB","frog","CORRECT","toad","1",0,8,60,67,26,"C1"
"336","JB","phone","CORRECT","mobile","1",0,13,48,64,26,"C1"
"337","lw","fag","CORRECT","fag","2",1,10,53,60,27,"C1"
"338","lw","spectacles","CORRECT","spectacles","2",1,4,45,60,27,"C1"
"339","lw","brolly","CORRECT","brolly","2",1,12,45,63,27,"C1"
"340","lw","bathtub","CORRECT","bathtub","2",1,5,25,67,27,"C1"
"341","lw","computer","CORRECT","computer","2",1,8,83,56,27,"C1"
"342","lw","hat","CORRECT","hat","2",1,28,52,61,27,"C1"
"343","lw","hen","CORRECT","hen","2",1,5,43,62,27,"C1"
"344","lw","nectarine","CORRECT","nectarine","2",1,5,15,61,27,"C1"
"345","lw","rowboat","CORRECT","rowboat","2",1,3,23,57,27,"C1"
"346","lw","pistol","CORRECT","pistol","2",1,0,48,64,27,"C1"
"347","lw","inflatable ball","CORRECT","inflatable ball","2",1,1,26,65,27,"C1"
"348","lw","biro","CORRECT","biro","2",1,3,34,53,27,"C1"
"349","lw","lip stick","CORRECT","make up","1",0,0,33,56,27,"C1"
"350","lw","refrigerator","CORRECT","refrigerator","1",1,2,48,65,27,"C1"
"351","lw","rodent","CORRECT","rodent","1",1,0,65,63,27,"C1"
"352","lw","memory stick","CORRECT","memory stick","1",1,11,29,68,27,"C1"
"353","lw","silverware","CORRECT","silverware","1",1,3,10,57,27,"C1"
"354","lw","bunny","CORRECT","bunny","2",1,15,63,64,27,"C1"
"355","lw","coach","CORRECT","coach","2",1,0,30,60,27,"C1"
"356","lw","picture","CORRECT","picture","1",1,22,43,56,27,"C1"
"357","lw","musical instrument","CORRECT","musical instrument","1",1,0,18,55,27,"C1"
"358","lw","cushion","CORRECT","pillow","1",0,12,72,53,27,"C1"
"359","lw","aeroplane","CORRECT","aeroplane","1",1,20,45,68,27,"C1"
"360","lw","toad","CORRECT","toad","1",1,8,60,67,27,"C1"
"361","lw","mobile","CORRECT","mobile","1",1,13,48,64,27,"C1"
"362","lw","bicycle","CORRECT","bicycle","1",1,10,67,68,27,"C1"
"363","lw","loo","CORRECT","loo","1",1,5,63,64,27,"C1"
"364","lw","rose","CORRECT","flower","1",0,1,91,60,27,"C1"
"365","TL","toilet","CORRECT","loo","2",0,5,63,64,1,"C2"
"366","TL","picture","CORRECT","picture","2",1,22,43,56,1,"C2"
"367","TL","pillow","CORRECT","pillow","2",1,12,72,53,1,"C2"
"368","TL","aeroplane","CORRECT","aeroplane","2",1,20,45,68,1,"C2"
"369","TL","musical instrument","CORRECT","musical instrument","2",1,0,18,55,1,"C2"
"370","TL","rose","CORRECT","flower","2",0,1,91,60,1,"C2"
"371","TL","lipstick","CORRECT","make up","2",0,0,33,56,1,"C2"
"372","TL","fridge","CORRECT","refrigerator","2",0,2,48,65,1,"C2"
"373","TL","toad","CORRECT","toad","2",1,8,60,67,1,"C2"
"374","TL","mobile","CORRECT","mobile","2",1,13,48,64,1,"C2"
"375","TL","rodent","CORRECT","rodent","2",1,0,65,63,1,"C2"
"376","TJL","laptop","CORRECT","computer","1",0,8,83,56,1,"C2"
"377","TJL","pen","CORRECT","biro","1",0,3,34,53,1,"C2"
"378","TJL","hen","CORRECT","hen","1",1,5,43,62,1,"C2"
"379","TJL","rowboat","CORRECT","rowboat","1",1,3,23,57,1,"C2"
"380","TJL","fag","CORRECT","fag","1",1,10,53,60,1,"C2"
"381","TJL","bathtub","CORRECT","bathtub","1",1,5,25,67,1,"C2"
"382","TJL","bunny","CORRECT","bunny","1",1,15,63,64,1,"C2"
"383","TJL","glasses","CORRECT","spectacles","1",0,4,45,60,1,"C2"
"384","TJL","brolly","CORRECT","brolly","1",1,12,45,63,1,"C2"
"385","TJL","coach","CORRECT","coach","1",1,0,30,60,1,"C2"
"386","TJL","hat","CORRECT","hat","1",1,28,52,61,1,"C2"
"387","TJL","ball","CORRECT","inflatable ball","1",0,1,26,65,1,"C2"
"388","TJL","nectarine","CORRECT","nectarine","1",1,5,15,61,1,"C2"
"389","TJL","gun","CORRECT","pistol","1",0,0,48,64,1,"C2"
"390","TL","memory stick","CORRECT","memory stick","2",1,11,29,68,1,"C2"
"391","TL","silverware","CORRECT","silverware","2",1,3,10,57,1,"C2"
"392","TL","bike","CORRECT","bicycle","2",0,10,67,68,1,"C2"
"393","HA","fag","CORRECT","fag","1",1,10,53,60,2,"C2"
"394","HA","computer","CORRECT","computer","1",1,8,83,56,2,"C2"
"395","HA","picture","CORRECT","picture","2",1,22,43,56,2,"C2"
"396","HA","spectacles","CORRECT","spectacles","1",1,4,45,60,2,"C2"
"397","HA","biro","CORRECT","biro","1",1,3,34,53,2,"C2"
"398","HA","pistol","CORRECT","pistol","1",1,0,48,64,2,"C2"
"399","HA","nectarine","CORRECT","nectarine","1",1,5,15,61,2,"C2"
"400","HA","bus","CORRECT","coach","1",0,0,30,60,2,"C2"
"401","HA","inflatable ball","CORRECT","inflatable ball","1",1,1,26,65,2,"C2"
"402","HA","brolly","CORRECT","brolly","1",1,12,45,63,2,"C2"
"403","HA","chicken","CORRECT","hen","1",0,5,43,62,2,"C2"
"404","HA","bunny","CORRECT","bunny","1",1,15,63,64,2,"C2"
"405","HA","boat","CORRECT","rowboat","1",0,3,23,57,2,"C2"
"406","HA","bathtub","CORRECT","bathtub","1",1,5,25,67,2,"C2"
"407","HA","mobile","CORRECT","mobile","2",1,13,48,64,2,"C2"
"408","HA","loo","CORRECT","loo","2",1,5,63,64,2,"C2"
"409","HA","aeroplane","CORRECT","aeroplane","2",1,20,45,68,2,"C2"
"410","HA","toad","CORRECT","toad","2",1,8,60,67,2,"C2"
"411","HA","silverware","CORRECT","silverware","2",1,3,10,57,2,"C2"
"412","HA","flower","CORRECT","flower","2",1,1,91,60,2,"C2"
"413","HA","rodent","CORRECT","rodent","2",1,0,65,63,2,"C2"
"414","HA","memory stick","CORRECT","memory stick","2",1,11,29,68,2,"C2"
"415","HA","musical instrument","CORRECT","musical instrument","2",1,0,18,55,2,"C2"
"416","HA","fridge","CORRECT","refrigerator","2",0,2,48,65,2,"C2"
"417","HA","bicycle","CORRECT","bicycle","2",1,10,67,68,2,"C2"
"418","HA","make up","CORRECT","make up","2",1,0,33,56,2,"C2"
"419","HA","pear","CORRECT","hat","1",0,28,52,61,2,"C2"
"420","HA","pillow","CORRECT","pillow","2",1,12,72,53,2,"C2"
"421","LC","pen","CORRECT","biro","1",0,3,34,53,3,"C2"
"422","LC","laptop","CORRECT","computer","1",0,8,83,56,3,"C2"
"423","LC","phone","CORRECT","mobile","2",0,13,48,64,3,"C2"
"424","LC","gun","CORRECT","pistol","1",0,0,48,64,3,"C2"
"425","LC","rabbit","CORRECT","bunny","1",0,15,63,64,3,"C2"
"426","LC","rowboat","CORRECT","rowboat","1",1,3,23,57,3,"C2"
"427","LC","ball","CORRECT","inflatable ball","1",0,1,26,65,3,"C2"
"428","LC","hat","CORRECT","hat","1",1,28,52,61,3,"C2"
"429","LC","umbrella","CORRECT","brolly","1",0,12,45,63,3,"C2"
"430","LC","bus","CORRECT","coach","1",0,0,30,60,3,"C2"
"431","LC","fag","CORRECT","fag","1",1,10,53,60,3,"C2"
"432","LC","musical instrument","CORRECT","musical instrument","2",1,0,18,55,3,"C2"
"433","LC","cushion","CORRECT","pillow","2",0,12,72,53,3,"C2"
"434","LC","loo","CORRECT","loo","2",1,5,63,64,3,"C2"
"435","LC","frog","CORRECT","toad","2",0,8,60,67,3,"C2"
"436","LC","flower","CORRECT","flower","2",1,1,91,60,3,"C2"
"437","LC","lipstick","CORRECT","make up","2",0,0,33,56,3,"C2"
"438","LC","plane","CORRECT","aeroplane","2",0,20,45,68,3,"C2"
"439","LC","bone","CORRECT","nectarine","1",0,5,15,61,3,"C2"
"440","LC","fridge","CORRECT","refrigerator","2",0,2,48,65,3,"C2"
"441","LC","mouse","CORRECT","rodent","2",0,0,65,63,3,"C2"
"442","LC","usb","CORRECT","memory stick","2",0,11,29,68,3,"C2"
"443","LC","cutlery","CORRECT","silverware","2",0,3,10,57,3,"C2"
"444","LC","picture","CORRECT","picture","2",1,22,43,56,3,"C2"
"445","LC","bike","CORRECT","bicycle","2",0,10,67,68,3,"C2"
"446","LC","glasses","CORRECT","spectacles","1",0,4,45,60,3,"C2"
"447","LC","bath","CORRECT","bathtub","1",0,5,25,67,3,"C2"
"448","LC","chicken","CORRECT","hen","1",0,5,43,62,3,"C2"
"449","SL","cig","CORRECT","fag","1",0,10,53,60,4,"C2"
"450","SL","glasses","CORRECT","spectacles","1",0,4,45,60,4,"C2"
"451","SL","brolly","CORRECT","brolly","1",1,12,45,63,4,"C2"
"452","SL","laptop","CORRECT","computer","1",0,8,83,56,4,"C2"
"453","SL","rabbit","CORRECT","bunny","1",0,15,63,64,4,"C2"
"454","SL","hen","CORRECT","hen","1",1,5,43,62,4,"C2"
"455","SL","nectarine","CORRECT","nectarine","1",1,5,15,61,4,"C2"
"456","SL","bus","CORRECT","coach","1",0,0,30,60,4,"C2"
"457","SL","bathtub","CORRECT","bathtub","1",1,5,25,67,4,"C2"
"458","SL","beach ball","CORRECT","inflatable ball","1",0,1,26,65,4,"C2"
"459","SL","lipstick","CORRECT","make up","2",0,0,33,56,4,"C2"
"460","SL","fridge freezer","CORRECT","refrigerator","2",0,2,48,65,4,"C2"
"461","SL","boat","CORRECT","rowboat","1",0,3,23,57,4,"C2"
"462","SL","pistol","CORRECT","pistol","1",1,0,48,64,4,"C2"
"463","SL","mouse","CORRECT","rodent","2",0,0,65,63,4,"C2"
"464","SL","usb stick","CORRECT","memory stick","2",0,11,29,68,4,"C2"
"465","SL","silverware","CORRECT","silverware","2",1,3,10,57,4,"C2"
"466","SL","toilet","CORRECT","loo","2",0,5,63,64,4,"C2"
"467","SL","picture","CORRECT","picture","2",1,22,43,56,4,"C2"
"468","SL","flower","CORRECT","flower","2",1,1,91,60,4,"C2"
"469","SL","pillow","CORRECT","pillow","2",1,12,72,53,4,"C2"
"470","SL","aeroplane","CORRECT","aeroplane","2",1,20,45,68,4,"C2"
"471","SL","musical instrument","CORRECT","musical instrument","2",1,0,18,55,4,"C2"
"472","SL","mobile","CORRECT","mobile","2",1,13,48,64,4,"C2"
"473","SL","pen","CORRECT","biro","1",0,3,34,53,4,"C2"
"474","SL","hat","CORRECT","hat","1",1,28,52,61,4,"C2"
"475","SL","bicycle","CORRECT","bicycle","2",1,10,67,68,4,"C2"
"476","SL","toad","CORRECT","toad","2",1,8,60,67,4,"C2"
"477","CM","boat","CORRECT","rowboat","1",0,3,23,57,5,"C2"
"478","CM","cigarette","CORRECT","fag","1",0,10,53,60,5,"C2"
"479","CM","framed picture","CORRECT","picture","2",0,22,43,56,5,"C2"
"480","CM","mobile","CORRECT","mobile","2",1,13,48,64,5,"C2"
"481","CM","lipstick","CORRECT","make up","2",0,0,33,56,5,"C2"
"482","CM","fridge","CORRECT","refrigerator","2",0,2,48,65,5,"C2"
"483","CM","frog","CORRECT","toad","2",0,8,60,67,5,"C2"
"484","CM","usb drive","CORRECT","memory stick","2",0,11,29,68,5,"C2"
"485","CM","cutlery","CORRECT","silverware","2",0,3,10,57,5,"C2"
"486","CM","bicycle","CORRECT","bicycle","2",1,10,67,68,5,"C2"
"487","CM","mouse/rat","CORRECT","rodent","2",0,0,65,63,5,"C2"
"488","CM","gun","CORRECT","pistol","1",0,0,48,64,5,"C2"
"489","CM","glasses","CORRECT","spectacles","1",0,4,45,60,5,"C2"
"490","CM","umbrella","CORRECT","brolly","1",0,12,45,63,5,"C2"
"491","CM","laptop","CORRECT","computer","1",0,8,83,56,5,"C2"
"492","CM","bunny","CORRECT","bunny","1",1,15,63,64,5,"C2"
"493","CM","bus","CORRECT","coach","1",0,0,30,60,5,"C2"
"494","CM","hat","CORRECT","hat","1",1,28,52,61,5,"C2"
"495","CM","beach ball","CORRECT","inflatable ball","1",0,1,26,65,5,"C2"
"496","CM","pen","CORRECT","biro","1",0,3,34,53,5,"C2"
"497","CM","nectarine","CORRECT","nectarine","1",1,5,15,61,5,"C2"
"498","CM","chicken","CORRECT","hen","1",0,5,43,62,5,"C2"
"499","CM","bathtub","CORRECT","bathtub","1",1,5,25,67,5,"C2"
"500","CM","aeroplane","CORRECT","aeroplane","2",1,20,45,68,5,"C2"
"501","CM","toilet","CORRECT","loo","2",0,5,63,64,5,"C2"
"502","CM","accordian","CORRECT","musical instrument","2",0,0,18,55,5,"C2"
"503","CM","rose","CORRECT","flower","2",0,1,91,60,5,"C2"
"504","CM","cushion","CORRECT","pillow","2",0,12,72,53,5,"C2"
"505","nb","laptop","CORRECT","computer","1",0,8,83,56,6,"C2"
"506","nb","bathtub","CORRECT","bathtub","1",1,5,25,67,6,"C2"
"507","nb","boat","CORRECT","rowboat","1",0,3,23,57,6,"C2"
"508","nb","cigarette","CORRECT","fag","1",0,10,53,60,6,"C2"
"509","NB","mouse","CORRECT","rodent","2",0,0,65,63,6,"C2"
"510","NB","usb","CORRECT","memory stick","2",0,11,29,68,6,"C2"
"511","NB","lipstick","CORRECT","make up","2",0,0,33,56,6,"C2"
"512","NB","tableware","CORRECT","silverware","2",0,3,10,57,6,"C2"
"513","nb","gun","CORRECT","pistol","1",0,0,48,64,6,"C2"
"514","nb","glasses","CORRECT","spectacles","1",0,4,45,60,6,"C2"
"515","nb","umberella","CORRECT","brolly","1",0,12,45,63,6,"C2"
"516","NB","painting","CORRECT","picture","2",0,22,43,56,6,"C2"
"517","nb","pen","CORRECT","biro","1",0,3,34,53,6,"C2"
"518","NB","fridge","CORRECT","refrigerator","2",0,2,48,65,6,"C2"
"519","NB","frog","CORRECT","toad","2",0,8,60,67,6,"C2"
"520","NB","mobile","CORRECT","mobile","2",1,13,48,64,6,"C2"
"521","nb","chicken","CORRECT","hen","1",0,5,43,62,6,"C2"
"522","nb","nectarine","CORRECT","nectarine","1",1,5,15,61,6,"C2"
"523","nb","coach","CORRECT","coach","1",1,0,30,60,6,"C2"
"524","nb","baseball cap","CORRECT","hat","1",0,28,52,61,6,"C2"
"525","nb","ball","CORRECT","inflatable ball","1",0,1,26,65,6,"C2"
"526","NB","pillow","CORRECT","pillow","2",1,12,72,53,6,"C2"
"527","nb","rabbit","CORRECT","bunny","1",0,15,63,64,6,"C2"
"528","NB","harmonica","CORRECT","musical instrument","2",0,0,18,55,6,"C2"
"529","NB","rose","CORRECT","flower","2",0,1,91,60,6,"C2"
"530","NB","aeroplane","CORRECT","aeroplane","2",1,20,45,68,6,"C2"
"531","NB","bike","CORRECT","bicycle","2",0,10,67,68,6,"C2"
"532","NB","loo","CORRECT","loo","2",1,5,63,64,6,"C2"
"533","SC","nectarine","CORRECT","nectarine","1",1,5,15,61,7,"C2"
"534","SC","phone","CORRECT","mobile","2",0,13,48,64,7,"C2"
"535","SC","bath","CORRECT","bathtub","1",0,5,25,67,7,"C2"
"536","SC","bus","CORRECT","coach","1",0,0,30,60,7,"C2"
"537","SC","fag","CORRECT","fag","1",1,10,53,60,7,"C2"
"538","SC","hen","CORRECT","hen","1",1,5,43,62,7,"C2"
"539","SC","glasses","CORRECT","spectacles","1",0,4,45,60,7,"C2"
"540","SC","bike","CORRECT","bicycle","2",0,10,67,68,7,"C2"
"541","SC","ball","CORRECT","inflatable ball","1",0,1,26,65,7,"C2"
"542","SC","pc","CORRECT","computer","1",0,8,83,56,7,"C2"
"543","SC","pen","CORRECT","biro","1",0,3,34,53,7,"C2"
"544","SC","gun","CORRECT","pistol","1",0,0,48,64,7,"C2"
"545","SC","toad","CORRECT","toad","2",1,8,60,67,7,"C2"
"546","SC","fridge","CORRECT","refrigerator","2",0,2,48,65,7,"C2"
"547","SC","hat","CORRECT","hat","1",1,28,52,61,7,"C2"
"548","SC","rowboat","CORRECT","rowboat","1",1,3,23,57,7,"C2"
"549","SC","rabbit","CORRECT","bunny","1",0,15,63,64,7,"C2"
"550","SC","painting","CORRECT","picture","2",0,22,43,56,7,"C2"
"551","SC","mouse","CORRECT","rodent","2",0,0,65,63,7,"C2"
"552","SC","lipstick","CORRECT","make up","2",0,0,33,56,7,"C2"
"553","SC","rose","CORRECT","flower","2",0,1,91,60,7,"C2"
"554","SC","cutlery","CORRECT","silverware","2",0,3,10,57,7,"C2"
"555","SC","umbrella","CORRECT","brolly","1",0,12,45,63,7,"C2"
"556","SC","loo","CORRECT","loo","2",1,5,63,64,7,"C2"
"557","SC","plane","CORRECT","aeroplane","2",0,20,45,68,7,"C2"
"558","SC","memory stick","CORRECT","memory stick","2",1,11,29,68,7,"C2"
"559","SC","accordion","CORRECT","musical instrument","2",0,0,18,55,7,"C2"
"560","SC","pillow","CORRECT","pillow","2",1,12,72,53,7,"C2"
"561","LDH","pen","CORRECT","biro","1",0,3,34,53,8,"C2"
"562","LDH","kissed by a rose (seal)","CORRECT","flower","2",0,1,91,60,8,"C2"
"563","LDH","hen","CORRECT","hen","1",1,5,43,62,8,"C2"
"564","LDH","bath","CORRECT","bathtub","1",0,5,25,67,8,"C2"
"565","LDH","beach ball","CORRECT","inflatable ball","1",0,1,26,65,8,"C2"
"566","LDH","mr. rat","CORRECT","rodent","2",0,0,65,63,8,"C2"
"567","LDH","lipstick ","CORRECT","make up","2",0,0,33,56,8,"C2"
"568","LDH","hat","CORRECT","hat","1",1,28,52,61,8,"C2"
"569","LDH","peach","CORRECT","nectarine","1",0,5,15,61,8,"C2"
"570","LDH","bike","CORRECT","bicycle","2",0,10,67,68,8,"C2"
"571","LDH","cigarette","CORRECT","fag","1",0,10,53,60,8,"C2"
"572","LDH","mobile","CORRECT","mobile","2",1,13,48,64,8,"C2"
"573","LDH","cutlery ","CORRECT","silverware","2",0,3,10,57,8,"C2"
"574","LDH","cushion (pillow)","CORRECT","pillow","2",0,12,72,53,8,"C2"
"575","LDH","aeroplane ","CORRECT","aeroplane","2",0,20,45,68,8,"C2"
"576","LDH","a prince (or a toad)","CORRECT","toad","2",0,8,60,67,8,"C2"
"577","LDH","laptop","CORRECT","computer","1",0,8,83,56,8,"C2"
"578","LDH","refrigerator (food vessel) ","CORRECT","refrigerator","2",0,2,48,65,8,"C2"
"579","LDH","glasses","CORRECT","spectacles","1",0,4,45,60,8,"C2"
"580","LDH","memory stick (usb)","CORRECT","memory stick","2",0,11,29,68,8,"C2"
"581","LDH","painting ","CORRECT","picture","2",0,22,43,56,8,"C2"
"582","LDH","rabbit","CORRECT","bunny","1",0,15,63,64,8,"C2"
"583","LDH","umbrella","CORRECT","brolly","1",0,12,45,63,8,"C2"
"584","LDH","handgun","CORRECT","pistol","1",0,0,48,64,8,"C2"
"585","LDH","bus","CORRECT","coach","1",0,0,30,60,8,"C2"
"586","LDH","toilet","CORRECT","loo","2",0,5,63,64,8,"C2"
"587","LDH","rowboat","CORRECT","rowboat","1",1,3,23,57,8,"C2"
"588","LDH","accordion ","CORRECT","musical instrument","2",0,0,18,55,8,"C2"
"589","sl","bone","CORRECT","inflatable ball","1",0,1,26,65,9,"C2"
"590","sl","mobile ","CORRECT","mobile","2",0,13,48,64,9,"C2"
"591","sl","bath","CORRECT","bathtub","1",0,5,25,67,9,"C2"
"592","sl","brolly","CORRECT","brolly","1",1,12,45,63,9,"C2"
"593","sl","hat","CORRECT","hat","1",1,28,52,61,9,"C2"
"594","sl","hen","CORRECT","hen","1",1,5,43,62,9,"C2"
"595","sl","musical instrument","CORRECT","musical instrument","2",1,0,18,55,9,"C2"
"596","sl","coach","CORRECT","coach","1",1,0,30,60,9,"C2"
"597","sl","pillow","CORRECT","pillow","2",1,12,72,53,9,"C2"
"598","sl","nectarine","CORRECT","nectarine","1",1,5,15,61,9,"C2"
"599","sl","fag","CORRECT","fag","1",1,10,53,60,9,"C2"
"600","sl","computer","CORRECT","computer","1",1,8,83,56,9,"C2"
"601","sl","aeroplane","CORRECT","aeroplane","2",1,20,45,68,9,"C2"
"602","sl","belt","CORRECT","rowboat","1",0,3,23,57,9,"C2"
"603","sl","cutlery","CORRECT","silverware","2",0,3,10,57,9,"C2"
"604","sl","makeup","CORRECT","make up","2",0,0,33,56,9,"C2"
"605","sl","refrigerator","CORRECT","refrigerator","2",1,2,48,65,9,"C2"
"606","sl","flower","CORRECT","flower","2",1,1,91,60,9,"C2"
"607","sl","loo","CORRECT","loo","2",1,5,63,64,9,"C2"
"608","sl","picture","CORRECT","picture","2",1,22,43,56,9,"C2"
"609","sl","memory stcik","CORRECT","memory stick","2",0,11,29,68,9,"C2"
"610","sl","glasses","CORRECT","spectacles","1",0,4,45,60,9,"C2"
"611","sl","pistol","CORRECT","pistol","1",1,0,48,64,9,"C2"
"612","sl","cherry","CORRECT","bunny","1",0,15,63,64,9,"C2"
"613","sl","biro","CORRECT","biro","1",1,3,34,53,9,"C2"
"614","sl","bicycle","CORRECT","bicycle","2",1,10,67,68,9,"C2"
"615","sl","toad","CORRECT","toad","2",1,8,60,67,9,"C2"
"616","sl","rodent","CORRECT","rodent","2",1,0,65,63,9,"C2"
"617","JC","makeup","CORRECT","make up","2",0,0,33,56,11,"C2"
"618","JC","loo","CORRECT","loo","2",1,5,63,64,11,"C2"
"619","JC","canoe","CORRECT","rowboat","1",0,3,23,57,11,"C2"
"620","JC","phone","CORRECT","mobile","2",0,13,48,64,11,"C2"
"621","JC","painting","CORRECT","picture","2",0,22,43,56,11,"C2"
"622","JC","acordion","INCORRECT","musical instrument","2",NA,0,18,55,11,"C2"
"623","JC","rose","CORRECT","flower","2",0,1,91,60,11,"C2"
"624","JC","pillow","CORRECT","pillow","2",1,12,72,53,11,"C2"
"625","JC","laptop","CORRECT","computer","1",0,8,83,56,11,"C2"
"626","JC","silverware","CORRECT","silverware","2",1,3,10,57,11,"C2"
"627","JC","fridge","CORRECT","refrigerator","2",0,2,48,65,11,"C2"
"628","JC","frog","CORRECT","toad","2",0,8,60,67,11,"C2"
"629","JC","memory stick","CORRECT","memory stick","2",1,11,29,68,11,"C2"
"630","JC","bike","CORRECT","bicycle","2",0,10,67,68,11,"C2"
"631","JC","ball","CORRECT","inflatable ball","1",0,1,26,65,11,"C2"
"632","JC","rat","CORRECT","rodent","2",0,0,65,63,11,"C2"
"633","JC","bath","CORRECT","bathtub","1",0,5,25,67,11,"C2"
"634","JC","hen","CORRECT","hen","1",1,5,43,62,11,"C2"
"635","JC","hat (are you a bot?)","CORRECT","hat","1",0,28,52,61,11,"C2"
"636","JC","brolly","CORRECT","brolly","1",1,12,45,63,11,"C2"
"637","JC","pistol","CORRECT","pistol","1",1,0,48,64,11,"C2"
"638","JC","pen","CORRECT","biro","1",0,3,34,53,11,"C2"
"639","JC","glasses","CORRECT","spectacles","1",0,4,45,60,11,"C2"
"640","JC","rabbit","CORRECT","bunny","1",0,15,63,64,11,"C2"
"641","JC","fag","CORRECT","fag","1",1,10,53,60,11,"C2"
"642","JC","plane","CORRECT","aeroplane","2",0,20,45,68,11,"C2"
"643","JC","bus","CORRECT","coach","1",0,0,30,60,11,"C2"
"644","JC","peach","CORRECT","nectarine","1",0,5,15,61,11,"C2"
"645","et","musical","CORRECT","musical instrument","2",0,0,18,55,12,"C2"
"646","et","cutlery","CORRECT","silverware","2",0,3,10,57,12,"C2"
"647","et","glasses","CORRECT","spectacles","1",0,4,45,60,12,"C2"
"648","et","bunny","CORRECT","bunny","1",1,15,63,64,12,"C2"
"649","et","picture","CORRECT","picture","2",1,22,43,56,12,"C2"
"650","et","pen","CORRECT","biro","1",0,3,34,53,12,"C2"
"651","et","gun","CORRECT","pistol","1",0,0,48,64,12,"C2"
"652","et","plane","CORRECT","aeroplane","2",0,20,45,68,12,"C2"
"653","et","hen","CORRECT","hen","1",1,5,43,62,12,"C2"
"654","et","rose","CORRECT","flower","2",0,1,91,60,12,"C2"
"655","et","cushion","CORRECT","pillow","2",0,12,72,53,12,"C2"
"656","et","lippy","CORRECT","make up","2",0,0,33,56,12,"C2"
"657","et","fridge","CORRECT","refrigerator","2",0,2,48,65,12,"C2"
"658","et","mouse","CORRECT","rodent","2",0,0,65,63,12,"C2"
"659","et","mem stick","CORRECT","memory stick","2",0,11,29,68,12,"C2"
"660","et","bus","CORRECT","coach","1",0,0,30,60,12,"C2"
"661","et","bike","CORRECT","bicycle","2",0,10,67,68,12,"C2"
"662","et","loo","CORRECT","loo","2",1,5,63,64,12,"C2"
"663","et","boat","CORRECT","rowboat","1",0,3,23,57,12,"C2"
"664","et","mobile","CORRECT","mobile","2",1,13,48,64,12,"C2"
"665","et","brolly","CORRECT","brolly","1",1,12,45,63,12,"C2"
"666","et","cap","CORRECT","hat","1",0,28,52,61,12,"C2"
"667","et","ball","CORRECT","inflatable ball","1",0,1,26,65,12,"C2"
"668","et","nectarine","CORRECT","nectarine","1",1,5,15,61,12,"C2"
"669","et","bath","CORRECT","bathtub","1",0,5,25,67,12,"C2"
"670","et","fag","CORRECT","fag","1",1,10,53,60,12,"C2"
"671","et","frog","CORRECT","toad","2",0,8,60,67,12,"C2"
"672","et","laptop","CORRECT","computer","1",0,8,83,56,12,"C2"
"673","ac","pillow","CORRECT","pillow","2",1,12,72,53,13,"C2"
"674","ac","hen","CORRECT","hen","1",1,5,43,62,13,"C2"
"675","ac","specs","CORRECT","spectacles","1",0,4,45,60,13,"C2"
"676","ac","brolly","CORRECT","brolly","1",1,12,45,63,13,"C2"
"677","ac","hat","CORRECT","hat","1",1,28,52,61,13,"C2"
"678","ac","inflatable ball","CORRECT","inflatable ball","1",1,1,26,65,13,"C2"
"679","ac","biro","CORRECT","biro","1",1,3,34,53,13,"C2"
"680","ac","coach","CORRECT","coach","1",1,0,30,60,13,"C2"
"681","ac","nectarine","CORRECT","nectarine","1",1,5,15,61,13,"C2"
"682","ac","pistol","CORRECT","pistol","1",1,0,48,64,13,"C2"
"683","ac","cutlery","CORRECT","silverware","2",0,3,10,57,13,"C2"
"684","ac","bike","CORRECT","bicycle","2",0,10,67,68,13,"C2"
"685","ac","bunny","CORRECT","bunny","1",1,15,63,64,13,"C2"
"686","ac","rowboat","CORRECT","rowboat","1",1,3,23,57,13,"C2"
"687","ac","fag","CORRECT","fag","1",1,10,53,60,13,"C2"
"688","ac","bathtub","CORRECT","bathtub","1",1,5,25,67,13,"C2"
"689","ac","flower","CORRECT","flower","2",1,1,91,60,13,"C2"
"690","ac","frog","CORRECT","toad","2",0,8,60,67,13,"C2"
"691","ac","coconut","CORRECT","mobile","2",0,13,48,64,13,"C2"
"692","ac","make up","CORRECT","make up","2",1,0,33,56,13,"C2"
"693","ac","fridge","CORRECT","refrigerator","2",0,2,48,65,13,"C2"
"694","ac","rodent","CORRECT","rodent","2",1,0,65,63,13,"C2"
"695","ac","memory stick","CORRECT","memory stick","2",1,11,29,68,13,"C2"
"696","ac","picture","CORRECT","picture","2",1,22,43,56,13,"C2"
"697","ac","musical instrememt","CORRECT","musical instrument","2",0,0,18,55,13,"C2"
"698","ac","aeroplane","CORRECT","aeroplane","2",1,20,45,68,13,"C2"
"699","ac","toilet","CORRECT","loo","2",0,5,63,64,13,"C2"
"700","ac","computer","CORRECT","computer","1",1,8,83,56,13,"C2"
